{"cameraMode":{"drawMode":0,"name":"Shaded","section":"Shading Mode"},"sceneLighting":true,"audioPlay":false,"sceneViewState":{"m_AlwaysRefresh":false,"showFog":true,"showSkybox":true,"showFlares":true,"showImageEffects":true,"showParticleSystems":true,"showVisualEffectGraphs":true,"m_FxEnabled":true},"in2DMode":false,"pivot":{"x":0.29360896348953249,"y":1.519832968711853,"z":0.18466490507125855},"rotation":{"x":0.04702923446893692,"y":0.39747583866119387,"z":-0.020464040338993074,"w":0.9162397980690002},"size":3.542027711868286,"orthographic":false}