{"cameraMode":{"drawMode":0,"name":"Shaded","section":"Shading Mode"},"sceneLighting":true,"audioPlay":false,"sceneViewState":{"m_AlwaysRefresh":false,"showFog":true,"showSkybox":true,"showFlares":true,"showImageEffects":true,"showParticleSystems":true,"showVisualEffectGraphs":true,"m_FxEnabled":true},"in2DMode":false,"pivot":{"x":125.6002197265625,"y":1.845428466796875,"z":799.3919677734375},"rotation":{"x":0.10140573978424072,"y":-0.8996028900146484,"z":0.30367591977119448,"w":0.29791226983070376},"size":3.4643595218658449,"orthographic":false}