{"cameraMode":{"drawMode":0,"name":"Shaded","section":"Shading Mode"},"sceneLighting":true,"audioPlay":false,"sceneViewState":{"m_AlwaysRefresh":false,"showFog":true,"showSkybox":true,"showFlares":true,"showImageEffects":true,"showParticleSystems":true,"showVisualEffectGraphs":true,"m_FxEnabled":true},"in2DMode":false,"pivot":{"x":2.0444984436035158,"y":1.855701208114624,"z":0.1512840986251831},"rotation":{"x":-0.1705598086118698,"y":-0.25058212876319888,"z":0.044999804347753528,"w":-0.9519743323326111},"size":3.5872113704681398,"orthographic":false}